episodes,mean_reward_post_cat,mean_reward_downturn,mean_cvar_squeezed,mean_risk_adj_return,max_cvar_squeezed
50,2481406.0574101014,4571543.476599943,3638155.1138638677,2.4098121033553896,8836144.02813238
